metric,value
baseline_mean,2.238752210528259e-05
baseline_std,1.6796867172686292e-05
